Geneid,baseMean,log2FoldChange,lfcSE,pvalue,padj,baseMeanCtrl,baseMeansiRNA,symbol,entrez,log10.pvalue,Significant.Gene,Differential_Gene
ENSG00000000971,36.56547299,1.633586738,0.839655135,0.001701436,0.02628814,47.9171394,25.21380658,CFH,3075,1.580240135,Yes,Up-Regulated
ENSG00000004468,70.50342531,2.366511566,0.611169848,4.75E-06,0.00020432,101.3636416,39.64320901,CD38,952,3.689689079,Yes,Up-Regulated
ENSG00000004776,68.5107776,1.351298049,0.646101692,0.00119757,0.020215277,61.76587477,75.25568042,HSPB6,126393,1.694320303,Yes,Up-Regulated
ENSG00000006118,1053.649198,1.313865613,0.197131877,1.81E-12,2.90E-10,1242.319662,864.978734,TMEM132A,54972,9.536959051,Yes,Up-Regulated
ENSG00000006128,65.59639344,-1.936948249,0.551283097,1.92E-05,0.000694363,71.02384531,60.16894156,TAC1,6863,3.158413543,Yes,Down-Regulated
ENSG00000006534,168.1828909,1.089146183,0.375484593,0.000217637,0.005587982,164.8662658,171.4995161,ALDH3B1,221,2.252744982,Yes,Up-Regulated
ENSG00000010030,56.14251811,2.401712435,0.643672425,7.96E-06,0.000325382,73.90946396,38.37557227,ETV7,51513,3.487606199,Yes,Up-Regulated
ENSG00000011405,1358.076937,-1.089368986,0.216491016,3.20E-08,2.44E-06,1491.666053,1224.48782,PIK3C2A,5286,5.613235056,Yes,Down-Regulated
ENSG00000011422,252.537199,1.509678205,0.370501543,1.90E-06,9.41E-05,253.5723057,251.5020924,PLAUR,5329,4.026270151,Yes,Up-Regulated
ENSG00000011465,757.3496751,1.16525764,0.212097156,2.90E-09,2.84E-07,1123.022346,391.6770048,DCN,1634,6.54680725,Yes,Up-Regulated
ENSG00000013364,716.3042147,2.107655528,0.302971841,6.84E-14,1.43E-11,745.46558,687.1428494,MVP,9961,10.84437213,Yes,Up-Regulated
ENSG00000014914,50.38865986,1.472353632,0.7110348,0.001381789,0.022504209,64.96947786,35.80784186,MTMR11,10903,1.647736251,Yes,Up-Regulated
ENSG00000020181,1244.163843,1.36452322,0.214001458,1.00E-11,1.42E-09,1406.168435,1082.159251,ADGRA2,25960,8.846422219,Yes,Up-Regulated
ENSG00000024048,25.28707089,6.877340895,2.651334586,1.92E-05,0.000694363,7.257422458,43.31671932,UBR2,23304,3.158413543,Yes,Up-Regulated
ENSG00000026508,1148.369932,1.30401855,0.208276878,2.38E-11,3.04E-09,1163.188945,1133.55092,CD44,960,8.517816458,Yes,Up-Regulated
ENSG00000026950,260.7121457,1.932802672,0.328201818,1.69E-10,1.93E-08,355.118711,166.3055804,BTN3A1,11119,7.713522125,Yes,Up-Regulated
ENSG00000028277,339.7778885,1.452492617,0.314560645,1.84E-07,1.21E-05,404.3964834,275.1592937,POU2F2,5452,4.91611482,Yes,Up-Regulated
ENSG00000041880,32.31572823,4.023964677,1.432229813,0.000293103,0.007067099,20.5056433,44.12581316,PARP3,10039,2.150758805,Yes,Up-Regulated
ENSG00000041982,846.7509814,1.862780104,0.301417738,1.54E-11,2.11E-09,1234.380065,459.1218979,TNC,3371,8.674737172,Yes,Up-Regulated
ENSG00000042062,188.2704084,2.146137832,0.387038328,1.11E-09,1.17E-07,256.9435969,119.5972199,RIPOR3,140876,6.93187366,Yes,Up-Regulated
ENSG00000043143,1618.810304,1.288662229,0.187229684,3.81E-13,6.91E-11,1316.37286,1921.247749,JADE2,23338,10.16051024,Yes,Up-Regulated
ENSG00000047365,66.85181479,-1.20443296,0.678534631,0.002344934,0.033506387,63.25008686,70.45354271,ARAP2,116984,1.474872395,Yes,Down-Regulated
ENSG00000049540,503.7034952,1.493676128,0.311808113,6.99E-08,5.05E-06,617.9897822,389.4172082,ELN,2006,5.296925069,Yes,Up-Regulated
ENSG00000051382,745.6014674,-1.000426564,0.243006282,2.65E-06,0.000123516,889.7347823,601.4681525,PIK3CB,5291,3.908277661,Yes,Down-Regulated
ENSG00000053747,49.07956663,-1.84871689,1.104157643,0.001224114,0.020504318,45.42203875,52.73709451,LAMA3,3909,1.68815467,Yes,Down-Regulated
ENSG00000055609,456.3662069,-1.585216542,0.243735519,4.41E-12,6.48E-10,527.9255677,384.8068462,KMT2C,58508,9.1883782,Yes,Down-Regulated
ENSG00000058668,392.0363492,1.029252128,0.270650749,1.03E-05,0.000407714,379.6936998,404.3789986,ATP2B4,493,3.389644472,Yes,Up-Regulated
ENSG00000063169,567.2902708,1.154716407,0.278440577,2.19E-06,0.00010526,501.417464,633.1630776,BICRA,29998,3.977736023,Yes,Up-Regulated
ENSG00000065268,59.86433238,3.323419114,0.795913678,1.11E-06,5.89E-05,59.67945141,60.04921334,WDR18,57418,4.229754735,Yes,Up-Regulated
ENSG00000065911,2854.231098,-1.115892591,0.189196027,2.64E-10,2.96E-08,2923.231931,2785.230264,MTHFD2,10797,7.52866137,Yes,Down-Regulated
ENSG00000068079,262.7181368,2.390717522,0.365037059,1.81E-12,2.90E-10,337.6268929,187.8093808,IFI35,3430,9.536959051,Yes,Up-Regulated
ENSG00000070669,2200.466087,-1.477540116,0.196967645,3.72E-15,9.36E-13,2681.941474,1718.990701,ASNS,440,12.0285786,Yes,Down-Regulated
ENSG00000071073,107.2933259,-1.749263469,0.446497883,4.13E-06,0.000180334,103.502554,111.0840978,MGAT4A,11320,3.743922044,Yes,Down-Regulated
ENSG00000072840,482.7271899,1.369752958,0.260507687,8.26E-09,7.50E-07,560.7799761,404.6744036,EVC,2121,6.124734612,Yes,Up-Regulated
ENSG00000073350,166.377063,-1.301381213,0.384866067,3.72E-05,0.001230318,168.0795953,164.6745307,LLGL2,3993,2.909982726,Yes,Down-Regulated
ENSG00000073756,766.4152771,2.402520129,0.223028808,2.31E-28,4.75E-25,1136.022824,396.80773,PTGS2,5743,24.32354072,Yes,Up-Regulated
ENSG00000073910,174.0304817,-2.498739494,0.534571154,7.49E-08,5.31E-06,282.7274174,65.33354587,FRY,10129,5.27475169,Yes,Down-Regulated
ENSG00000074410,96.28139749,2.083382782,0.533006051,3.62E-06,0.00016254,141.370693,51.19210202,CA12,771,3.789040493,Yes,Up-Regulated
ENSG00000075223,141.5376207,1.266136984,0.395779491,7.55E-05,0.002354338,167.4655578,115.6096836,SEMA3C,10512,2.628131123,Yes,Up-Regulated
ENSG00000076554,166.8909756,-1.187604137,0.394904203,0.000135326,0.0037882,170.5829564,163.1989948,TPD52,7163,2.421567047,Yes,Down-Regulated
ENSG00000079308,613.8373868,1.449299188,0.242869512,1.42E-10,1.66E-08,647.8640925,579.8106812,TNS1,7145,7.780897318,Yes,Up-Regulated
ENSG00000081041,242.2691111,2.862736471,0.369996069,3.10E-16,9.51E-14,294.0390008,190.4992214,CXCL2,2920,13.02176114,Yes,Up-Regulated
ENSG00000082482,44.78428275,2.000138621,0.773727145,0.000347421,0.008054245,63.52459952,26.04396597,KCNK2,3776,2.093975175,Yes,Up-Regulated
ENSG00000084636,434.5617177,1.067006812,0.272222815,6.16E-06,0.000257803,424.2864697,444.8369656,COL16A1,1307,3.58871253,Yes,Up-Regulated
ENSG00000085117,318.9084669,1.371381226,0.324590251,1.13E-06,5.96E-05,336.9269906,300.8899432,CD82,3732,4.225117426,Yes,Up-Regulated
ENSG00000085662,3914.691461,1.695974572,0.227100536,2.38E-15,6.24E-13,4734.140212,3095.242709,AKR1B1,231,12.2045642,Yes,Up-Regulated
ENSG00000087245,7005.033848,1.892596123,0.246469346,3.33E-16,9.78E-14,9087.447538,4922.620157,MMP2,4313,13.00947865,Yes,Up-Regulated
ENSG00000087303,456.3728732,1.056641673,0.254284913,2.29E-06,0.000108583,598.3758784,314.3698681,NID2,22795,3.964236259,Yes,Up-Regulated
ENSG00000089127,226.0992716,2.159801732,0.387282383,1.38E-09,1.42E-07,356.5112816,95.68726155,OAS1,4938,6.848224641,Yes,Up-Regulated
ENSG00000093134,22.57126925,2.719649993,1.525394374,0.001119884,0.019148161,35.99921907,9.143319442,VNN3,55350,1.717872925,Yes,Up-Regulated
ENSG00000099250,714.5837999,1.036212595,0.244868869,1.61E-06,8.11E-05,874.2935887,554.874011,NRP1,8829,4.090986078,Yes,Up-Regulated
ENSG00000099998,50.15381036,1.780522385,0.742543518,0.000612983,0.012205275,79.18157579,21.12604492,GGT5,2687,1.913452426,Yes,Up-Regulated
ENSG00000100342,21.53691545,2.323698922,1.659690814,0.002654308,0.0365708,24.54273431,18.53109658,APOL1,8542,1.43686554,Yes,Up-Regulated
ENSG00000100739,92.15768782,1.98829744,0.558288448,1.20E-05,0.000463561,93.13642276,91.17895287,BDKRB1,623,3.333892687,Yes,Up-Regulated
ENSG00000100968,303.490968,1.328281035,0.306795319,8.40E-07,4.57E-05,290.6799301,316.3020058,NFATC4,4776,4.340407817,Yes,Up-Regulated
ENSG00000101000,160.3200657,1.072126663,0.37194683,0.000239441,0.006020169,160.9720715,159.6680598,PROCR,10544,2.220391313,Yes,Up-Regulated
ENSG00000101825,154.8426321,1.893748297,0.407782381,1.62E-07,1.10E-05,264.2236653,45.46159896,MXRA5,25878,4.958521384,Yes,Up-Regulated
ENSG00000101966,87.6608963,-2.294412652,0.550591729,1.27E-06,6.59E-05,93.16086048,82.16093211,XIAP,331,4.180833693,Yes,Down-Regulated
ENSG00000102265,12985.36557,1.054802652,0.180946239,3.12E-10,3.44E-08,13847.53175,12123.19939,TIMP1,7076,7.463087875,Yes,Up-Regulated
ENSG00000102359,120.7913815,1.887975596,0.500395164,5.49E-06,0.000233735,127.9925512,113.5902119,SRPX2,27286,3.63127604,Yes,Up-Regulated
ENSG00000102802,203.4446474,1.928397537,0.349817168,2.05E-09,2.04E-07,281.535601,125.3536939,MEDAG,84935,6.689537856,Yes,Up-Regulated
ENSG00000103485,221.8147551,1.727302688,0.378224358,1.89E-07,1.24E-05,308.9906779,134.6388323,QPRT,23475,4.906602498,Yes,Up-Regulated
ENSG00000103888,575.3431588,2.497039198,0.243846648,5.71E-26,6.41E-23,914.1779638,236.5083538,CEMIP,57214,22.19331371,Yes,Up-Regulated
ENSG00000104368,347.8441015,1.019997044,0.275837657,1.56E-05,0.00057131,382.5011297,313.1870733,PLAT,5327,3.243127903,Yes,Up-Regulated
ENSG00000104415,43.82340644,1.587672131,0.933234587,0.002613435,0.0360882,79.12734773,8.519465155,CCN4,8840,1.442634782,Yes,Up-Regulated
ENSG00000104856,357.8843849,1.378870856,0.307470585,3.59E-07,2.16E-05,338.3683381,377.4004317,RELB,5971,4.665600241,Yes,Up-Regulated
ENSG00000104951,184.4540427,2.525040314,0.408808102,2.18E-11,2.83E-09,242.933582,125.9745033,IL4I1,259307,8.547956616,Yes,Up-Regulated
ENSG00000105246,62.23056018,1.869864612,0.890180234,0.000519232,0.01068021,58.95038176,65.51073861,EBI3,10148,1.971420192,Yes,Up-Regulated
ENSG00000105559,387.631626,1.78282625,0.273001434,3.23E-12,4.87E-10,405.7961561,369.4670959,PLEKHA4,57664,9.312796964,Yes,Up-Regulated
ENSG00000105825,1475.838136,2.57596375,0.192161006,3.58E-42,2.21E-38,2208.928932,742.7473402,TFPI2,7980,37.65592919,Yes,Up-Regulated
ENSG00000105894,160.5236153,1.839770681,0.428118662,6.41E-07,3.56E-05,198.3237494,122.7234811,PTN,5764,4.448123183,Yes,Up-Regulated
ENSG00000105974,1200.576435,1.276681457,0.216201703,2.09E-10,2.36E-08,1416.686245,984.4666255,CAV1,857,7.626461361,Yes,Up-Regulated
ENSG00000106366,834.3207738,1.198635811,0.233361529,1.72E-08,1.42E-06,691.094471,977.5470765,SERPINE1,5054,5.848409882,Yes,Up-Regulated
ENSG00000106538,222.834882,1.145015718,0.333868267,3.92E-05,0.001286867,318.2753762,127.3943878,RARRES2,5919,2.890466452,Yes,Up-Regulated
ENSG00000106785,173.3815897,1.948872288,0.36412345,4.52E-09,4.29E-07,209.1038032,137.6593763,TRIM14,9830,6.367425391,Yes,Up-Regulated
ENSG00000107099,53.91625694,-1.116316413,1.236200821,0.00399386,0.048588003,80.30897299,27.52354089,DOCK8,81704,1.313470949,Yes,Down-Regulated
ENSG00000107984,129.8934951,1.462701312,0.427409522,3.00E-05,0.001027908,140.0875412,119.699449,DKK1,22943,2.988045595,Yes,Up-Regulated
ENSG00000108342,119.2219413,3.190001549,0.524852338,6.44E-11,7.80E-09,123.0283876,115.415495,CSF3,1440,8.108036167,Yes,Up-Regulated
ENSG00000108679,522.8807526,1.952683894,0.316874988,1.78E-11,2.38E-09,609.6739929,436.0875123,LGALS3BP,3959,8.622620907,Yes,Up-Regulated
ENSG00000108688,57.0034967,3.524231844,0.685563504,1.86E-08,1.50E-06,88.87278985,25.13420356,CCL7,6354,5.823621118,Yes,Up-Regulated
ENSG00000108691,1074.267977,2.750668418,0.271261506,4.74E-26,5.85E-23,1554.327299,594.2086541,CCL2,6347,22.23279671,Yes,Up-Regulated
ENSG00000108700,132.1439977,3.713604911,0.572217088,1.49E-12,2.45E-10,214.8600354,49.42796012,CCL8,6355,9.611397054,Yes,Up-Regulated
ENSG00000108771,113.155843,1.666691391,0.459003967,1.39E-05,0.000521425,156.9642392,69.34744689,DHX58,79132,3.282808246,Yes,Up-Regulated
ENSG00000108950,180.2667861,2.684339851,0.360145712,5.14E-15,1.24E-12,239.4869305,121.0466417,FAM20A,54757,11.90507245,Yes,Up-Regulated
ENSG00000109846,168.4378496,1.277360616,0.407965801,8.49E-05,0.002601074,213.3803924,123.4953068,CRYAB,1410,2.584847265,Yes,Up-Regulated
ENSG00000110446,266.2061584,2.467186267,0.325991619,1.59E-15,4.35E-13,273.0900812,259.3222355,SLC15A3,51296,12.36157055,Yes,Up-Regulated
ENSG00000110492,158.3506126,1.570182598,0.411858094,6.54E-06,0.000270839,191.5190287,125.1821965,MDK,4192,3.567289384,Yes,Up-Regulated
ENSG00000110723,80.05729069,-1.090934544,0.550640162,0.002128958,0.031066184,112.2755894,47.83899197,EXPH5,23086,1.50771209,Yes,Down-Regulated
ENSG00000111331,1384.630355,1.962876878,0.20709732,1.36E-22,8.86E-20,1811.672283,957.5884272,OAS3,4940,19.05238775,Yes,Up-Regulated
ENSG00000111452,223.5408883,1.465441969,0.328934728,4.92E-07,2.86E-05,285.941416,161.1403605,ADGRD1,283383,4.542890992,Yes,Up-Regulated
ENSG00000111801,179.8359102,2.165695575,0.391712717,1.31E-09,1.36E-07,238.6354663,121.0363541,BTN3A3,10384,6.867156843,Yes,Up-Regulated
ENSG00000111877,104.5220312,1.039504444,0.480712565,0.001561715,0.0246855,83.11820528,125.9258572,MCM9,254394,1.60755808,Yes,Up-Regulated
ENSG00000111981,566.8020661,-1.931350222,0.24783348,3.16E-16,9.51E-14,582.825881,550.7782513,ULBP1,80329,13.02176114,Yes,Down-Regulated
ENSG00000112096,4909.418588,2.056406578,0.20718733,9.32E-25,8.22E-22,5250.535679,4568.301497,SOD2,6648,21.08536264,Yes,Up-Regulated
ENSG00000112473,440.1414784,-1.307844836,0.346305604,6.35E-06,0.000264792,453.6685631,426.6143936,SLC39A7,7922,3.577095339,Yes,Down-Regulated
ENSG00000112769,239.3617148,1.547458526,0.33161712,1.56E-07,1.07E-05,307.3658891,171.3575404,LAMA4,3910,4.972339639,Yes,Up-Regulated
ENSG00000112902,324.4010676,1.273993861,0.310274731,2.20E-06,0.00010526,436.9546587,211.8474765,SEMA5A,9037,3.977736023,Yes,Up-Regulated
ENSG00000113494,40.92200808,2.050352216,0.81810253,0.000519379,0.01068021,66.11846496,15.72555121,PRLR,5618,1.971420192,Yes,Up-Regulated
ENSG00000113721,1631.394073,1.962382802,0.222102953,3.37E-20,1.43E-17,1593.012761,1669.775384,PDGFRB,5159,16.84607942,Yes,Up-Regulated
ENSG00000114251,372.5489296,1.870907569,0.308957117,5.37E-11,6.69E-09,423.1535843,321.9442749,WNT5A,7474,8.174539983,Yes,Up-Regulated
ENSG00000114270,198.2843813,2.257331855,0.351537222,7.20E-12,1.05E-09,262.3317335,134.2370291,COL7A1,1294,8.980838466,Yes,Up-Regulated
ENSG00000115267,243.7340749,2.26185101,0.335415693,8.01E-13,1.37E-10,327.7666705,159.7014793,IFIH1,64135,9.862042249,Yes,Up-Regulated
ENSG00000115461,198.0434343,1.762789038,0.399333454,4.97E-07,2.88E-05,336.2247418,59.86212675,IGFBP5,3488,4.54083068,Yes,Up-Regulated
ENSG00000115594,1371.22902,1.410931121,0.200378757,1.29E-13,2.48E-11,1842.700164,899.7578759,IL1R1,3554,10.60552505,Yes,Up-Regulated
ENSG00000115896,75.99409629,-1.480983088,0.566286396,0.000367702,0.008390534,116.1495035,35.83868912,PLCL1,5334,2.076210414,Yes,Down-Regulated
ENSG00000115963,466.1971053,2.04212708,0.267371305,1.32E-15,3.72E-13,611.0240087,321.370202,RND3,390,12.42999168,Yes,Up-Regulated
ENSG00000116132,1122.491205,1.289770801,0.196956163,4.13E-12,6.14E-10,1363.135168,881.8472417,PRRX1,5396,9.211663206,Yes,Up-Regulated
ENSG00000116761,262.1270399,-1.280030156,0.30730371,1.91E-06,9.41E-05,406.998294,117.2557858,CTH,1491,4.026270151,Yes,Down-Regulated
ENSG00000116774,146.6530777,2.221600143,0.469467372,7.63E-08,5.38E-06,188.93298,104.3731755,OLFML3,56944,5.269303153,Yes,Up-Regulated
ENSG00000116962,1146.831583,1.465583926,0.192202188,1.67E-15,4.47E-13,1389.960802,903.7023653,NID1,4811,12.34981278,Yes,Up-Regulated
ENSG00000117122,534.2570804,1.157723465,0.231497294,4.00E-08,3.01E-06,539.6113458,528.902815,MFAP2,4237,5.5208468,Yes,Up-Regulated
ENSG00000117226,91.65095668,1.868118169,0.483658077,5.55E-06,0.000235456,125.7325906,57.56932277,GBP3,2635,3.628089999,Yes,Up-Regulated
ENSG00000117228,418.8078332,2.504041906,0.311384203,3.12E-17,1.01E-14,570.2850504,267.330616,GBP1,2633,13.99451694,Yes,Up-Regulated
ENSG00000118503,657.5962451,1.809951034,0.231343594,2.67E-16,8.45E-14,868.8436363,446.3488538,TNFAIP3,7128,13.07322961,Yes,Up-Regulated
ENSG00000119392,37.8557547,7.755831572,2.594830605,4.68E-07,2.74E-05,35.72595264,39.98555676,GLE1,2733,4.562273228,Yes,Up-Regulated
ENSG00000119547,317.4360317,-1.263398506,0.3073637,2.06E-06,0.000100026,264.1095274,370.7625361,ONECUT2,9480,3.999885919,Yes,Down-Regulated
ENSG00000119917,1777.946307,2.313459233,0.251700044,9.40E-22,5.52E-19,2407.856383,1148.036231,IFIT3,3437,18.25777792,Yes,Up-Regulated
ENSG00000119922,1161.768152,1.720608281,0.681289148,0.000357841,0.0082417,1633.575443,689.9608609,IFIT2,3433,2.083983222,Yes,Up-Regulated
ENSG00000120549,88.65214649,1.352341418,0.647440306,0.001112515,0.01911156,122.4973614,54.80693157,KIAA1217,56243,1.718703854,Yes,Up-Regulated
ENSG00000120738,1248.766933,2.191932972,0.188844003,2.13E-32,6.58E-29,1336.192226,1161.34164,EGR1,1958,28.18153188,Yes,Up-Regulated
ENSG00000121207,42.88591884,-1.733154452,0.765992908,0.000754825,0.014161571,42.86540891,42.90642877,LRAT,9227,1.848888552,Yes,Down-Regulated
ENSG00000121769,272.503699,1.26305428,0.315725252,3.69E-06,0.000164285,357.8155444,187.1918537,FABP3,2170,3.784401197,Yes,Up-Regulated
ENSG00000121858,90.41414468,1.817721552,0.500265311,1.42E-05,0.000525631,142.7936611,38.03462826,TNFSF10,8743,3.27931943,Yes,Up-Regulated
ENSG00000122176,272.6720014,1.014686571,0.323131702,0.000114432,0.003308357,428.927386,116.4166169,FMOD,2331,2.480387634,Yes,Up-Regulated
ENSG00000122861,721.0763432,1.81009941,0.291946486,1.87E-11,2.48E-09,821.5665865,620.5860998,PLAU,5328,8.604940275,Yes,Up-Regulated
ENSG00000123610,154.1589353,2.763270552,0.419177787,2.54E-12,3.97E-10,217.155848,91.16202254,TNFAIP6,7130,9.401351961,Yes,Up-Regulated
ENSG00000123689,70.69658957,2.733949471,0.608954439,3.27E-07,1.99E-05,88.50989551,52.88328363,G0S2,50486,4.700415936,Yes,Up-Regulated
ENSG00000123992,479.9238317,1.051037334,0.249059411,1.80E-06,9.03E-05,523.9871117,435.8605516,DNPEP,23549,4.044454252,Yes,Up-Regulated
ENSG00000124102,1216.242144,1.884376387,0.204127237,1.43E-21,8.00E-19,1685.46972,747.0145675,PI3,5266,18.09691798,Yes,Up-Regulated
ENSG00000124875,89.66506743,2.793626196,0.50029221,1.16E-09,1.22E-07,66.8958468,112.4342881,CXCL6,6372,6.914757046,Yes,Up-Regulated
ENSG00000125148,1533.023917,2.692574138,0.622766582,3.34E-07,2.02E-05,1343.710189,1722.337644,MT2A,4502,4.694356163,Yes,Up-Regulated
ENSG00000125538,42.94363745,1.573769318,0.950066848,0.002441065,0.034558423,53.74759471,32.13968018,IL1B,3553,1.461446082,Yes,Up-Regulated
ENSG00000125730,441.2532146,2.375088096,0.330948983,1.54E-14,3.46E-12,642.6439241,239.862505,C3,718,11.46042141,Yes,Up-Regulated
ENSG00000125968,349.5196188,1.052902509,0.303674087,3.35E-05,0.001131599,462.6897112,236.3495263,ID1,3397,2.946307554,Yes,Up-Regulated
ENSG00000126709,3760.957738,2.060391562,0.543578524,4.04E-06,0.000176914,5178.480061,2343.435416,IFI6,2537,3.75223774,Yes,Up-Regulated
ENSG00000128284,108.3547884,2.521851185,0.497102514,1.43E-08,1.23E-06,142.4091012,74.30047565,APOL3,80833,5.910045823,Yes,Up-Regulated
ENSG00000128335,340.3080269,1.924509265,0.318430424,6.68E-11,8.01E-09,393.5127716,287.1032821,APOL2,23780,8.096622491,Yes,Up-Regulated
ENSG00000128342,623.7485872,1.753923666,0.259049225,5.52E-13,9.74E-11,548.5039368,698.9932376,LIF,3976,10.0113062,Yes,Up-Regulated
ENSG00000129226,849.5334122,2.232991448,0.273650075,8.23E-18,2.82E-15,1237.756212,461.3106124,CD68,968,14.54953117,Yes,Up-Regulated
ENSG00000129595,43.19686993,-2.097040227,1.338812534,0.000859422,0.015741191,79.4835025,6.910237363,EPB41L4A,64097,1.802962424,Yes,Down-Regulated
ENSG00000130303,333.6885034,2.681100145,0.367006307,4.80E-15,1.19E-12,385.1703272,282.2066796,BST2,684,11.92585946,Yes,Up-Regulated
ENSG00000130513,714.7352921,2.093473429,0.29620309,3.45E-14,7.35E-12,781.2327883,648.2377958,GDF15,9518,11.1335333,Yes,Up-Regulated
ENSG00000130589,763.5099674,1.814894452,0.241639155,2.45E-15,6.31E-13,924.4640249,602.55591,HELZ2,85441,12.19996066,Yes,Up-Regulated
ENSG00000130775,126.8724261,1.588704953,0.442103727,1.46E-05,0.000539824,172.3304849,81.41436732,THEMIS2,9473,3.267747914,Yes,Up-Regulated
ENSG00000130813,389.3049307,1.09430272,0.272212254,3.94E-06,0.000172923,435.7375314,342.8723301,SHFL,55337,3.762146926,Yes,Up-Regulated
ENSG00000131386,41.6057373,1.960279239,0.829341861,0.000653744,0.012783582,71.1939414,12.01753319,GALNT15,117248,1.89334745,Yes,Up-Regulated
ENSG00000131634,55.80852294,2.025195281,0.65499878,7.98E-05,0.002480969,61.56617853,50.05086736,TMEM204,79652,2.605378614,Yes,Up-Regulated
ENSG00000132109,278.0095858,1.236957375,0.291822818,1.44E-06,7.42E-05,299.1252475,256.8939241,TRIM21,6737,4.129812346,Yes,Up-Regulated
ENSG00000132256,231.0475939,1.025498992,0.321178854,9.77E-05,0.002906485,288.8408234,173.2543645,TRIM5,85363,2.536631969,Yes,Up-Regulated
ENSG00000132274,251.4881768,2.181228735,0.313124115,1.65E-13,3.13E-11,357.1922449,145.7841087,TRIM22,10346,10.50407451,Yes,Up-Regulated
ENSG00000132530,185.228079,1.934937399,0.362035403,4.86E-09,4.55E-07,256.8554211,113.6007369,XAF1,54739,6.341642597,Yes,Up-Regulated
ENSG00000133048,98.4022185,2.756009156,0.562575657,2.91E-08,2.24E-06,142.1414849,54.66295211,CHI3L1,1116,5.649246129,Yes,Up-Regulated
ENSG00000133106,55.07000475,1.283966842,0.745339113,0.002718732,0.037168041,60.87485326,49.26515624,EPSTI1,94240,1.42983033,Yes,Up-Regulated
ENSG00000133321,43.50144172,1.557221615,0.857648212,0.00194361,0.029132423,62.38905809,24.61382535,PLAAT4,5920,1.535623386,Yes,Up-Regulated
ENSG00000134321,1956.803481,2.220709605,0.248580696,9.77E-21,4.83E-18,3102.959731,810.6472304,RSAD2,91543,17.31641409,Yes,Up-Regulated
ENSG00000134363,281.4981531,1.110611056,0.39898402,0.000228079,0.005817417,385.5560681,177.440238,FST,10468,2.235269831,Yes,Up-Regulated
ENSG00000134452,213.1124427,1.527578477,0.377857123,2.52E-06,0.000119135,195.0350244,231.189861,FBH1,84893,3.923959805,Yes,Up-Regulated
ENSG00000134470,205.0045779,1.39143915,0.337552206,2.11E-06,0.000101929,240.0253791,169.9837768,IL15RA,3601,3.991701604,Yes,Up-Regulated
ENSG00000134668,76.73524514,1.369940855,0.548830032,0.000548368,0.011043389,87.28946093,66.18102935,SPOCD1,90853,1.956897647,Yes,Up-Regulated
ENSG00000134802,226.0176717,1.579922704,0.362912693,6.03E-07,3.40E-05,248.2773192,203.7580241,SLC43A3,29015,4.468705753,Yes,Up-Regulated
ENSG00000134853,695.5322832,1.191421096,0.286871269,1.59E-06,8.08E-05,896.2035884,494.860978,PDGFRA,5156,4.092431078,Yes,Up-Regulated
ENSG00000135069,1731.093432,-1.403310527,0.206747786,6.12E-13,1.06E-10,2249.934118,1212.252745,PSAT1,29968,9.973206852,Yes,Down-Regulated
ENSG00000135114,382.5154724,2.111225231,0.395462537,1.81E-09,1.83E-07,613.1322349,151.8987099,OASL,8638,6.737163563,Yes,Up-Regulated
ENSG00000135318,749.4987747,1.439620179,0.216971299,2.01E-12,3.18E-10,806.332868,692.6646814,NT5E,4907,9.49745346,Yes,Up-Regulated
ENSG00000135472,154.9707829,1.678008127,0.425314413,3.29E-06,0.000149457,189.1413855,120.8001802,FAIM2,23017,3.825484151,Yes,Up-Regulated
ENSG00000135919,525.5658997,1.288157034,0.296421639,7.27E-07,3.99E-05,679.6660444,371.465755,SERPINE2,5270,4.39886193,Yes,Up-Regulated
ENSG00000136010,529.1404938,-1.659788527,0.229632786,2.81E-14,6.08E-12,703.8332711,354.4477165,ALDH1L2,160428,11.21585752,Yes,Down-Regulated
ENSG00000136040,192.6629283,1.465044281,0.346113985,1.27E-06,6.59E-05,213.7779474,171.5479092,PLXNC1,10154,4.180906584,Yes,Up-Regulated
ENSG00000136235,514.2563699,1.447169041,0.297277176,4.99E-08,3.71E-06,596.9420886,431.5706512,GPNMB,10457,5.430948336,Yes,Up-Regulated
ENSG00000136244,936.5251233,3.156361117,0.24372243,6.11E-40,2.51E-36,1404.667952,468.3822944,IL6,3569,35.59983472,Yes,Up-Regulated
ENSG00000136295,3219.198734,1.06332935,0.206280682,1.63E-08,1.37E-06,3389.922184,3048.475284,TTYH3,80727,5.864679525,Yes,Up-Regulated
ENSG00000136514,56.73702457,1.755490481,0.651202199,0.00026796,0.006629202,82.33872358,31.13532555,RTP4,64108,2.178538749,Yes,Up-Regulated
ENSG00000136689,41.23188392,2.707447416,0.877463606,6.82E-05,0.002137436,56.0370604,26.42670745,IL1RN,3557,2.670106924,Yes,Up-Regulated
ENSG00000136695,26.74742343,2.272315037,1.163000694,0.001837111,0.027998931,46.71959544,6.775251421,IL36RN,26525,1.552858551,Yes,Up-Regulated
ENSG00000136859,740.5158319,1.059834039,0.214682832,6.07E-08,4.44E-06,788.9654969,692.0661668,ANGPTL2,23452,5.353085474,Yes,Up-Regulated
ENSG00000137142,423.5871801,-1.273040527,0.245861965,1.43E-08,1.23E-06,340.0671547,507.1072056,IGFBPL1,347252,5.910045823,Yes,Down-Regulated
ENSG00000137496,66.62427112,1.411611131,0.674481824,0.001321389,0.021721108,84.35583987,48.89270237,IL18BP,10068,1.663118031,Yes,Up-Regulated
ENSG00000137507,168.4593508,1.307226895,0.370838493,2.47E-05,0.000864321,241.7444814,95.17422016,LRRC32,2615,3.063324812,Yes,Up-Regulated
ENSG00000137573,124.7025345,1.620503105,0.453701406,1.97E-05,0.000711832,202.4622383,46.94283057,SULF1,23213,3.147622451,Yes,Up-Regulated
ENSG00000137628,86.71636116,1.199003721,0.55180952,0.001314398,0.021658086,133.2823735,40.15034882,DDX60,55601,1.664379926,Yes,Up-Regulated
ENSG00000137752,64.2236963,2.219224858,0.599513555,8.97E-06,0.000360767,88.63438994,39.81300266,CASP1,834,3.44277291,Yes,Up-Regulated
ENSG00000137801,3313.127607,1.99968369,0.220986462,3.57E-21,1.92E-18,4686.644567,1939.610648,THBS1,7057,17.71703626,Yes,Up-Regulated
ENSG00000137959,84.39084609,2.175543131,0.549964717,2.92E-06,0.000133875,112.9983806,55.78331156,IFI44L,10964,3.873300972,Yes,Up-Regulated
ENSG00000137965,71.8898802,1.588751443,0.592336604,0.000330059,0.007689791,105.5839223,38.19583805,IFI44,10561,2.11408545,Yes,Up-Regulated
ENSG00000138080,2418.890897,1.401013927,0.198688892,1.17E-13,2.32E-11,1833.041802,3004.739992,EMILIN1,11117,10.63438556,Yes,Up-Regulated
ENSG00000138135,109.0494232,2.452716364,0.52081067,7.24E-08,5.17E-06,119.0160458,99.08280055,CH25H,9023,5.28683445,Yes,Up-Regulated
ENSG00000138172,307.5558568,1.467750626,0.285198343,1.58E-08,1.34E-06,329.2525108,285.8592029,CALHM2,51063,5.872535407,Yes,Up-Regulated
ENSG00000138496,305.0376595,1.168479937,0.32832363,2.22E-05,0.00078595,383.8119313,226.2633876,PARP9,83666,3.104604933,Yes,Up-Regulated
ENSG00000138642,39.17418021,2.27283,1.001615697,0.000582598,0.011656673,47.69455082,30.65380959,HERC6,55008,1.933425382,Yes,Up-Regulated
ENSG00000139178,95.98754968,1.061384582,0.513083515,0.001876344,0.028456354,119.4602408,72.51485853,C1RL,51279,1.545820747,Yes,Up-Regulated
ENSG00000139192,46.77240585,2.080257828,0.858391759,0.000376954,0.008522888,63.75802,29.7867917,TAPBPL,55080,2.069413213,Yes,Up-Regulated
ENSG00000139278,101.785969,1.888364982,0.47865846,3.56E-06,0.000160326,134.513397,69.05854093,GLIPR1,11010,3.79499634,Yes,Up-Regulated
ENSG00000139289,830.1604113,1.538501254,0.269693324,4.41E-10,4.77E-08,998.9854493,661.3353732,PHLDA1,22822,7.321166467,Yes,Up-Regulated
ENSG00000139329,625.7548349,1.836450192,0.245732951,5.40E-15,1.28E-12,997.5597316,253.9499382,LUM,4060,11.89222369,Yes,Up-Regulated
ENSG00000139567,326.9203608,1.016124231,0.281567012,2.23E-05,0.000789637,371.4742537,282.3664679,ACVRL1,94,3.102572397,Yes,Up-Regulated
ENSG00000139625,222.0589694,1.162255282,0.329168166,2.56E-05,0.000887432,173.4532742,270.6646645,MAP3K12,7786,3.051864861,Yes,Up-Regulated
ENSG00000140464,1331.223781,1.354396066,0.216253027,2.21E-11,2.84E-09,1553.349999,1109.097563,PML,5371,8.547021059,Yes,Up-Regulated
ENSG00000141384,236.5028804,-1.347187376,0.323346959,1.82E-06,9.11E-05,254.7135322,218.2922286,TAF4B,6875,4.040444811,Yes,Down-Regulated
ENSG00000141449,51.48385766,-1.75584576,0.696644163,0.000439014,0.009575307,56.09216493,46.87555039,GREB1L,80000,2.018847279,Yes,Down-Regulated
ENSG00000141574,578.5175565,2.119008463,0.238702293,3.34E-20,1.43E-17,830.4857587,326.5493543,SECTM1,6398,16.84607942,Yes,Up-Regulated
ENSG00000141753,3293.650863,1.513667971,0.170221517,3.46E-20,1.43E-17,4051.346694,2535.955032,IGFBP4,3487,16.84607942,Yes,Up-Regulated
ENSG00000141956,80.63440073,3.252599882,0.662465969,6.18E-08,4.49E-06,77.17906346,84.08973801,PRDM15,63977,5.347917243,Yes,Up-Regulated
ENSG00000142089,3302.957911,2.538494727,0.306710123,1.37E-18,4.97E-16,4022.229826,2583.685995,IFITM3,10410,15.30381776,Yes,Up-Regulated
ENSG00000142227,1395.624142,1.536363416,0.246166654,1.70E-11,2.30E-09,1423.251415,1367.996869,EMP3,2014,8.637502799,Yes,Up-Regulated
ENSG00000142694,659.5207337,1.110107841,0.240782885,2.69E-07,1.68E-05,643.6484357,675.3930318,EVA1B,55194,4.774000775,Yes,Up-Regulated
ENSG00000143196,100.3530287,2.284966218,0.50600874,2.60E-07,1.65E-05,148.1282631,52.57779438,DPT,1805,4.783380056,Yes,Up-Regulated
ENSG00000143320,597.3710136,1.17808342,0.224846774,1.12E-08,9.96E-07,597.6911905,597.0508368,CRABP2,1382,6.001797167,Yes,Up-Regulated
ENSG00000143387,2181.430076,1.173731005,0.16981751,3.34E-13,6.24E-11,2639.725265,1723.134888,CTSK,1513,10.20463495,Yes,Up-Regulated
ENSG00000144476,192.7057528,2.280514082,0.375742609,5.61E-11,6.92E-09,261.4786588,123.9328468,ACKR3,57007,8.159780751,Yes,Up-Regulated
ENSG00000146374,126.7978925,2.831185711,0.420414366,8.20E-13,1.39E-10,146.5643414,107.0314435,RSPO3,84870,9.858064043,Yes,Up-Regulated
ENSG00000147180,49.52029382,-1.436800522,0.809362739,0.002034137,0.030001692,53.65062342,45.38996423,ZNF711,7552,1.522854256,Yes,Down-Regulated
ENSG00000148344,1328.992551,2.698849218,0.279038299,3.38E-24,2.61E-21,1494.713551,1163.271552,PTGES,9536,20.58328551,Yes,Up-Regulated
ENSG00000149090,356.4409431,1.228612655,0.300186557,2.55E-06,0.000120129,495.0720402,217.8098459,PAMR1,25891,3.920350356,Yes,Up-Regulated
ENSG00000149131,1188.391271,1.263485066,0.206282322,5.71E-11,6.98E-09,1531.2698,845.5127415,SERPING1,710,8.156137336,Yes,Up-Regulated
ENSG00000149451,49.33697068,2.701839597,0.887655492,9.72E-05,0.002898715,63.87922832,34.79471304,ADAM33,80332,2.537794428,Yes,Up-Regulated
ENSG00000149633,42.58979186,1.736463229,0.770620914,0.00087566,0.016014845,58.95982842,26.2197553,KIAA1755,85449,1.795477247,Yes,Up-Regulated
ENSG00000149798,559.4552362,1.286918339,0.244117012,8.27E-09,7.50E-07,588.6170575,530.2934148,CDC42EP2,10435,6.124734612,Yes,Up-Regulated
ENSG00000149968,1797.354032,2.631297079,0.187550365,3.95E-46,4.88E-42,2690.407719,904.3003446,MMP3,4314,41.3114416,Yes,Up-Regulated
ENSG00000151012,904.9875301,-1.087507772,0.210005695,1.64E-08,1.37E-06,1111.274766,698.7002944,SLC7A11,23657,5.864679525,Yes,Down-Regulated
ENSG00000151388,256.532292,1.211275208,0.305204836,4.57E-06,0.000197406,338.3723794,174.6922045,ADAMTS12,81792,3.704640575,Yes,Up-Regulated
ENSG00000151632,42.37753607,2.01446075,0.804382008,0.000435756,0.009521065,72.36508509,12.38998706,AKR1C2,1646,2.021314459,Yes,Up-Regulated
ENSG00000153714,129.2817557,1.663351769,0.421648175,3.72E-06,0.000164396,129.6329032,128.9306082,LURAP1L,286343,3.78410791,Yes,Up-Regulated
ENSG00000154096,330.7359091,1.400539846,0.278265488,2.86E-08,2.23E-06,397.5267222,263.945096,THY1,7070,5.650833965,Yes,Up-Regulated
ENSG00000154451,32.12227863,2.565502238,0.939396234,0.000287807,0.006961074,48.05036588,16.19419138,GBP5,115362,2.15732377,Yes,Up-Regulated
ENSG00000155254,402.1086413,1.416461542,0.256928439,2.20E-09,2.17E-07,378.8559682,425.3613145,MARVELD1,83742,6.662781708,Yes,Up-Regulated
ENSG00000156313,85.93320243,-1.207451659,0.653040143,0.001956718,0.029205421,120.7237212,51.14268364,RPGR,6103,1.534536524,Yes,Down-Regulated
ENSG00000156521,140.4668502,1.296811724,0.421919783,0.000109159,0.003185728,164.4951516,116.4385489,TYSND1,219743,2.496791351,Yes,Up-Regulated
ENSG00000156587,635.504184,1.222839744,0.225949123,4.23E-09,4.05E-07,764.1143461,506.8940218,UBE2L6,9246,6.392612904,Yes,Up-Regulated
ENSG00000157111,85.7551894,1.320590886,0.512906061,0.000471284,0.009979425,107.9007247,63.60965406,TMEM171,134285,2.0008945,Yes,Up-Regulated
ENSG00000157227,5182.763308,1.648078334,0.182870661,1.19E-20,5.67E-18,4620.50178,5745.024835,MMP14,4323,17.24618464,Yes,Up-Regulated
ENSG00000157514,1146.384463,-1.127448163,0.192021129,2.95E-10,3.28E-08,884.7917315,1407.977195,TSC22D3,1831,7.484412921,Yes,Down-Regulated
ENSG00000157601,1540.562111,2.120211022,0.210012982,2.15E-25,2.04E-22,1917.061246,1164.062977,MX1,4599,21.69031242,Yes,Up-Regulated
ENSG00000158290,260.2375745,-1.274512688,0.343473637,1.05E-05,0.000415428,299.7885319,220.686617,CUL4B,8450,3.381504672,Yes,Down-Regulated
ENSG00000158859,215.1629891,1.191043779,0.348841518,3.63E-05,0.001206323,194.3132787,236.0126995,ADAMTS4,9507,2.918536387,Yes,Up-Regulated
ENSG00000159167,1204.230675,2.676148125,0.273856445,3.20E-24,2.61E-21,1796.298954,612.1623954,STC1,6781,20.58328551,Yes,Up-Regulated
ENSG00000159403,788.813642,1.753931983,0.243810749,2.69E-14,5.93E-12,1195.421857,382.2054264,C1R,715,11.22714503,Yes,Up-Regulated
ENSG00000159674,1111.914689,1.360721025,0.228366545,1.34E-10,1.57E-08,1121.774951,1102.054426,SPON2,10417,7.802753189,Yes,Up-Regulated
ENSG00000160013,87.53746024,2.015754119,0.558523112,1.02E-05,0.000405954,88.93664585,86.13827462,PTGIR,5739,3.391522911,Yes,Up-Regulated
ENSG00000160285,1749.037289,1.023110751,0.230942694,6.12E-07,3.42E-05,2264.48483,1233.589747,LSS,4047,4.466056751,Yes,Up-Regulated
ENSG00000160877,2196.623732,1.020096834,0.206972883,5.73E-08,4.21E-06,1906.779286,2486.468179,NACC1,112939,5.376009443,Yes,Up-Regulated
ENSG00000160932,3496.9629,1.516460691,1.058738053,0.002308557,0.033138532,4946.388761,2047.537038,LY6E,4061,1.479666734,Yes,Up-Regulated
ENSG00000161249,783.847551,1.251338457,0.276395092,2.84E-07,1.75E-05,884.9873007,682.7078014,DMKN,93099,4.757932987,Yes,Up-Regulated
ENSG00000162576,212.6209723,1.447919269,0.352124264,2.03E-06,9.93E-05,152.3777586,272.864186,MXRA8,54587,4.003108405,Yes,Up-Regulated
ENSG00000162645,146.2311175,2.492382216,0.473445246,4.08E-09,3.93E-07,207.4264425,85.03579255,GBP2,2634,6.40542678,Yes,Up-Regulated
ENSG00000162654,254.3221226,2.158265843,0.307757665,1.28E-13,2.48E-11,370.6154127,138.0288324,GBP4,115361,10.60552505,Yes,Up-Regulated
ENSG00000162772,1354.026589,-1.051740769,0.18293427,7.25E-10,7.71E-08,1372.566373,1335.486804,ATF3,467,7.112721781,Yes,Down-Regulated
ENSG00000163131,56.50163408,1.159724912,0.735328369,0.003677809,0.045768708,71.95314453,41.05012363,CTSS,1520,1.33943135,Yes,Up-Regulated
ENSG00000163565,301.4315913,1.295900248,0.336936823,7.39E-06,0.000303196,385.9285287,216.9346538,IFI16,3428,3.518276011,Yes,Up-Regulated
ENSG00000163637,285.4951707,1.130252127,0.328126485,3.18E-05,0.001080382,315.1624977,255.8278438,PRICKLE2,166336,2.96642253,Yes,Up-Regulated
ENSG00000163661,167.0868495,1.223068423,0.39275905,9.31E-05,0.002802144,158.9761525,175.1975465,PTX3,5806,2.552509553,Yes,Up-Regulated
ENSG00000163734,152.713107,2.852747222,0.437697059,2.76E-12,4.27E-10,129.4190678,176.0071462,CXCL3,2921,9.370067498,Yes,Up-Regulated
ENSG00000163735,307.2963117,3.758440285,0.363916003,1.07E-26,1.66E-23,312.3240561,302.2685673,CXCL5,6374,22.78056063,Yes,Up-Regulated
ENSG00000163739,1219.151562,2.645872625,0.26261265,9.66E-26,9.94E-23,1713.085347,725.2177773,CXCL1,2919,22.00261071,Yes,Up-Regulated
ENSG00000163840,499.5845542,1.042642628,0.252905923,2.72E-06,0.000125561,600.3768082,398.7923002,DTX3L,151636,3.901146136,Yes,Up-Regulated
ENSG00000164054,1411.944594,1.268960761,0.218199692,3.35E-10,3.66E-08,1598.63122,1225.257968,SHISA5,51246,7.436369426,Yes,Up-Regulated
ENSG00000164125,62.42640976,1.385681406,0.625087018,0.001021111,0.017982329,66.3707365,58.48208302,GASK1B,51313,1.745154062,Yes,Up-Regulated
ENSG00000164692,6020.777742,1.304626696,0.185319858,1.09E-13,2.21E-11,7830.849477,4210.706006,COL1A2,1278,10.65645835,Yes,Up-Regulated
ENSG00000164761,209.7622257,1.723002266,0.329960667,9.74E-09,8.71E-07,283.938951,135.5855003,TNFRSF11B,4982,6.05978607,Yes,Up-Regulated
ENSG00000164850,97.51176901,1.022862867,0.490413479,0.001875988,0.028456354,108.0186081,87.0049299,GPER1,2852,1.545820747,Yes,Up-Regulated
ENSG00000165338,58.35041235,1.470999457,0.704471561,0.001358819,0.022247509,48.69427485,68.00654985,HECTD2,143279,1.652718615,Yes,Up-Regulated
ENSG00000165424,705.6415644,1.228144683,0.238713721,1.67E-08,1.38E-06,831.8641355,579.4189932,ZCCHC24,219654,5.859193171,Yes,Up-Regulated
ENSG00000165949,181.5687074,1.901551986,0.436818279,5.04E-07,2.89E-05,250.3107447,112.8266701,IFI27,3429,4.538763559,Yes,Up-Regulated
ENSG00000166170,142.1831959,1.699305217,0.516780924,3.01E-05,0.001027908,128.9446371,155.4217547,BAG5,9529,2.988045595,Yes,Up-Regulated
ENSG00000166250,1179.099678,1.657402837,0.190460093,2.10E-19,7.92E-17,1235.379018,1122.820338,CLMP,79827,16.10143263,Yes,Up-Regulated
ENSG00000166396,85.49416133,2.246611334,0.526858408,1.12E-06,5.92E-05,122.9300716,48.05825105,SERPINB7,8710,4.22745481,Yes,Up-Regulated
ENSG00000166592,203.324507,1.535770352,0.354117361,7.21E-07,3.97E-05,135.9691073,270.6799067,RRAD,6236,4.401022413,Yes,Up-Regulated
ENSG00000166741,249.0391573,1.991889786,0.44666409,2.11E-07,1.37E-05,329.4821558,168.5961588,NNMT,4837,4.862727023,Yes,Up-Regulated
ENSG00000166825,2667.878063,1.351055383,0.205544815,2.81E-12,4.29E-10,2906.908515,2428.84761,ANPEP,290,9.367749029,Yes,Up-Regulated
ENSG00000166963,948.1819041,1.325667235,0.207955065,1.21E-11,1.67E-09,1008.572469,887.7913396,MAP1A,4130,8.77668369,Yes,Up-Regulated
ENSG00000167110,362.6983423,1.797048971,0.371742814,4.51E-08,3.37E-06,430.4927934,294.9038911,GOLGA2,2801,5.471956368,Yes,Up-Regulated
ENSG00000167779,1788.423983,1.533664033,0.206967347,6.64E-15,1.55E-12,1908.360967,1668.487,IGFBP6,3489,11.81049686,Yes,Up-Regulated
ENSG00000167996,24254.35905,1.050403161,0.175816497,1.65E-10,1.90E-08,24358.92615,24149.79196,FTH1,2495,7.720556563,Yes,Up-Regulated
ENSG00000168000,145.9620138,1.068605945,0.489137389,0.001288103,0.021339288,201.4233179,90.50070976,BSCL2,26580,1.670820078,Yes,Up-Regulated
ENSG00000168062,156.3940907,2.789864979,0.397394664,1.06E-13,2.19E-11,195.3192107,117.4689706,BATF2,116071,10.65969584,Yes,Up-Regulated
ENSG00000168398,104.06162,2.694158851,0.525803002,8.97E-09,8.08E-07,127.099898,81.02334199,BDKRB2,624,6.092640446,Yes,Up-Regulated
ENSG00000168679,84.27756272,1.148222705,0.55612939,0.001759206,0.027045333,111.6348241,56.92030134,SLC16A4,9122,1.567907662,Yes,Up-Regulated
ENSG00000168685,204.4452648,1.902200918,0.368827845,1.63E-08,1.37E-06,326.1819546,82.70857496,IL7R,3575,5.864679525,Yes,Up-Regulated
ENSG00000168769,194.0974714,-1.174922983,0.573551031,0.001397022,0.022722322,194.9656117,193.2293311,TET2,54790,1.643547298,Yes,Down-Regulated
ENSG00000168899,366.2173982,1.002707912,0.272827201,1.70E-05,0.000621776,319.9109495,412.5238469,VAMP5,10791,3.206365909,Yes,Up-Regulated
ENSG00000168961,146.1395123,1.965591945,0.420256296,1.19E-07,8.27E-06,190.7687812,101.5102434,LGALS9,3965,5.082624088,Yes,Up-Regulated
ENSG00000168994,416.7392224,-1.017399131,0.303943074,4.85E-05,0.001564168,515.3738594,318.1045854,PXDC1,221749,2.805716638,Yes,Down-Regulated
ENSG00000169136,927.0328255,1.209852346,0.239934631,2.59E-08,2.04E-06,751.6686754,1102.396975,ATF5,22809,5.691335394,Yes,Up-Regulated
ENSG00000169245,916.4807392,2.664987619,0.251198578,6.27E-28,1.11E-24,1327.270274,505.6912045,CXCL10,3627,23.95607716,Yes,Up-Regulated
ENSG00000169248,333.85671,2.261101936,0.296081922,1.05E-15,3.01E-13,440.9143159,226.7991042,CXCL11,6373,12.52169288,Yes,Up-Regulated
ENSG00000169429,912.739436,2.294999709,0.221617955,2.35E-26,3.23E-23,1410.685228,414.7936438,CXCL8,3576,22.49111732,Yes,Up-Regulated
ENSG00000169598,48.49658654,-1.331416257,0.911117538,0.00342141,0.04354362,54.03071434,42.96245874,DFFB,1677,1.361075474,Yes,Down-Regulated
ENSG00000169604,113.1134305,1.235861427,0.444385959,0.000279453,0.00682855,108.0285247,118.1983362,ANTXR1,84168,2.165671491,Yes,Up-Regulated
ENSG00000170271,44.88192481,1.245688059,0.816080184,0.003808504,0.046969016,60.0934724,29.67037722,FAXDC2,10826,1.328188541,Yes,Up-Regulated
ENSG00000170458,61.95925016,1.108585939,0.666783491,0.003618803,0.045261995,72.81988676,51.09861356,CD14,929,1.34426631,Yes,Up-Regulated
ENSG00000170689,43.06760597,-2.134495655,0.786868661,0.000213772,0.005520953,17.5455797,68.58963223,HOXB9,3219,2.257985936,Yes,Down-Regulated
ENSG00000170889,327.194818,2.353080892,1.371541219,0.001602333,0.025102539,249.4860979,404.9035381,RPS9,6203,1.600282349,Yes,Up-Regulated
ENSG00000170989,400.2741201,-1.111479467,0.273540098,3.36E-06,0.000151772,565.605534,234.9427061,S1PR1,1901,3.818809142,Yes,Down-Regulated
ENSG00000171860,43.32104516,1.395503819,0.896713938,0.003258123,0.042088066,65.72964028,20.91245005,C3AR1,719,1.375841027,Yes,Up-Regulated
ENSG00000172183,248.1873105,1.607900398,0.363521509,4.24E-07,2.54E-05,297.1406515,199.2339696,ISG20,3669,4.595041212,Yes,Up-Regulated
ENSG00000172270,492.1306003,1.264378064,0.304864048,2.18E-06,0.000105147,141.5803041,842.6808966,BSG,682,3.978204594,Yes,Up-Regulated
ENSG00000172638,342.3775419,1.438463408,0.304879206,1.30E-07,8.93E-06,405.1427548,279.6123291,EFEMP2,30008,5.049287837,Yes,Up-Regulated
ENSG00000173852,46.09322205,-2.208041846,0.809203463,0.000208611,0.005444605,40.59340732,51.59303678,DPY19L1,23333,2.264033631,Yes,Down-Regulated
ENSG00000173918,789.3237955,1.376602164,0.250936896,2.02E-09,2.03E-07,901.8567347,676.7908563,C1QTNF1,114897,6.693410193,Yes,Up-Regulated
ENSG00000174705,907.3649251,1.031054151,0.237273399,9.49E-07,5.09E-05,1115.958301,698.7715495,SH3PXD2B,285590,4.29288825,Yes,Up-Regulated
ENSG00000174791,192.7158773,1.734640884,0.399568477,5.66E-07,3.22E-05,229.763601,155.6681536,RIN1,9610,4.492382148,Yes,Up-Regulated
ENSG00000174807,1003.926752,2.302619542,0.256963077,7.85E-21,4.04E-18,754.3131854,1253.54032,CD248,57124,17.39403253,Yes,Up-Regulated
ENSG00000175344,60.22216252,-1.27862303,0.726039377,0.002480403,0.034835694,35.29440586,85.14991919,CHRNA7,1139,1.457975528,Yes,Down-Regulated
ENSG00000175445,55.52951146,-1.273113798,0.69306975,0.00229823,0.033067193,47.71572699,63.34329592,LPL,4023,1.480602669,Yes,Down-Regulated
ENSG00000175602,557.9251573,1.226918411,0.243749883,3.05E-08,2.34E-06,504.38759,611.4627245,CCDC85B,11007,5.630697025,Yes,Up-Regulated
ENSG00000175938,151.0132966,1.351053827,0.407237004,4.85E-05,0.001564168,167.0814678,134.9451253,ORAI3,93129,2.805716638,Yes,Up-Regulated
ENSG00000176244,70.58178568,-1.159850417,0.593387606,0.001983943,0.029508169,89.25275397,51.91081739,ACBD7,414149,1.530057737,Yes,Down-Regulated
ENSG00000176907,76.63579181,2.422761314,0.602786439,1.99E-06,9.74E-05,89.38700314,63.88458049,TCIM,56892,4.011571809,Yes,Up-Regulated
ENSG00000177409,148.1297586,2.042617638,0.393947135,1.24E-08,1.09E-06,196.2314524,100.0280648,SAMD9L,219285,5.962969401,Yes,Up-Regulated
ENSG00000177542,248.0610399,1.008067636,0.310258908,8.12E-05,0.002511798,223.6487781,272.4733018,SLC25A22,79751,2.600015316,Yes,Up-Regulated
ENSG00000177706,571.2734578,1.055245875,0.240516037,8.21E-07,4.48E-05,570.8629861,571.6839295,FAM20C,56975,4.348335038,Yes,Up-Regulated
ENSG00000177989,81.94235547,1.40619569,0.512770403,0.000284953,0.006924697,87.98125613,75.90345481,ODF3B,440836,2.159599234,Yes,Up-Regulated
ENSG00000178685,139.3017545,2.046784479,0.402752546,1.80E-08,1.47E-06,171.6241035,106.9794055,PARP10,84875,5.833905373,Yes,Up-Regulated
ENSG00000180155,178.7780781,1.12192244,0.383324051,0.000191848,0.00513745,205.7468957,151.8092604,LYNX1,66004,2.289252399,Yes,Up-Regulated
ENSG00000180447,259.7522685,1.411381427,0.305901508,2.29E-07,1.48E-05,278.83442,240.6701169,GAS1,2619,4.830520312,Yes,Up-Regulated
ENSG00000180667,41.68378082,-1.834093436,0.881493544,0.000800441,0.014814757,51.31849731,32.04906433,YOD1,55432,1.829305458,Yes,Down-Regulated
ENSG00000181744,34.79790084,-1.694630492,0.92060174,0.001493358,0.023942213,35.57499625,34.02080543,DIPK2A,205428,1.620835714,Yes,Down-Regulated
ENSG00000182179,74.38266327,1.650249898,0.570524364,0.00015944,0.00435463,99.88526257,48.88006397,UBA7,7318,2.361048711,Yes,Up-Regulated
ENSG00000182326,1189.746163,2.594562293,0.274357217,3.93E-23,2.70E-20,1714.67523,664.817095,C1S,716,19.56926845,Yes,Up-Regulated
ENSG00000182704,436.7742177,1.14426916,0.247500798,2.68E-07,1.68E-05,506.1401948,367.4082406,TSKU,25987,4.774000775,Yes,Up-Regulated
ENSG00000183153,208.4576585,1.498167892,0.360806527,1.60E-06,8.09E-05,252.939005,163.976312,GJD3,125111,4.091854379,Yes,Up-Regulated
ENSG00000183160,392.4407706,2.122615148,0.313002573,3.73E-13,6.88E-11,513.1444515,271.7370897,TMEM119,338773,10.162337,Yes,Up-Regulated
ENSG00000183486,450.595875,2.726866683,0.294322074,6.13E-22,3.78E-19,630.9312374,270.2605126,MX2,4600,18.42236588,Yes,Up-Regulated
ENSG00000183508,254.2451269,-1.032095088,0.309168793,5.75E-05,0.001827951,342.3082676,166.1819862,TENT5C,54855,2.738035449,Yes,Down-Regulated
ENSG00000183615,55.13612201,1.780061405,0.734810122,0.000468783,0.009943511,75.81528681,34.45695721,FAM167B,84734,2.002460256,Yes,Up-Regulated
ENSG00000183876,73.01877522,1.234545211,0.597949383,0.001524836,0.024314988,63.15982887,82.87772157,ARSI,340075,1.614125937,Yes,Up-Regulated
ENSG00000184232,931.1187897,1.155360675,0.200927302,6.49E-10,6.97E-08,926.4239964,935.813583,OAF,220323,7.156854772,Yes,Up-Regulated
ENSG00000184371,900.876943,1.675757097,0.226474407,6.88E-15,1.57E-12,1045.72824,756.0256459,CSF1,1435,11.80318059,Yes,Up-Regulated
ENSG00000184584,179.3843485,1.017417615,0.382290507,0.000468396,0.009943511,242.3383849,116.430312,STING1,340061,2.002460256,Yes,Up-Regulated
ENSG00000184588,99.05347692,1.84292542,0.499169429,1.06E-05,0.000417851,146.622301,51.48465287,PDE4B,5142,3.378978987,Yes,Up-Regulated
ENSG00000184979,168.2231451,1.646874708,0.360535214,2.73E-07,1.69E-05,189.9310496,146.5152406,USP18,11274,4.771255325,Yes,Up-Regulated
ENSG00000185215,202.2407713,1.033811311,0.347940898,0.0001928,0.00515176,203.2846217,201.1969209,TNFAIP2,7127,2.288044402,Yes,Up-Regulated
ENSG00000185499,108.7939457,2.73912964,0.617699589,1.63E-07,1.10E-05,146.4282565,71.15963491,MUC1,4582,4.957653581,Yes,Up-Regulated
ENSG00000185507,225.7374841,1.342947998,0.381754097,2.11E-05,0.000751268,284.9765585,166.4984097,IRF7,3665,3.124205104,Yes,Up-Regulated
ENSG00000185650,1885.887062,1.04504371,0.193093653,4.87E-09,4.55E-07,2184.620306,1587.153817,ZFP36L1,677,6.341642597,Yes,Up-Regulated
ENSG00000185745,1792.844877,2.521449139,0.232413008,4.68E-29,1.16E-25,2338.559946,1247.129809,IFIT1,3434,24.9373493,Yes,Up-Regulated
ENSG00000185880,57.23834786,1.274955636,0.722645184,0.002460271,0.034750622,66.69941382,47.7772819,TRIM69,140691,1.459037415,Yes,Up-Regulated
ENSG00000185885,2363.051703,2.406628245,0.594595485,1.11E-06,5.89E-05,3326.097482,1400.005924,IFITM1,8519,4.229754735,Yes,Up-Regulated
ENSG00000186150,29.38128159,1.961361331,1.031622851,0.001466566,0.023626423,37.43985372,21.32270946,UBL4B,164153,1.626602018,Yes,Up-Regulated
ENSG00000186340,694.2680831,1.903616371,0.23049136,1.09E-17,3.65E-15,741.9656968,646.5704695,THBS2,7058,14.43814098,Yes,Up-Regulated
ENSG00000187079,90.53735065,-1.862128523,0.486693479,5.47E-06,0.000233706,76.96086272,104.1138386,TEAD1,7003,3.631329266,Yes,Down-Regulated
ENSG00000187134,302.6619393,2.670856393,0.303009339,7.73E-20,3.08E-17,491.6163678,113.7075108,AKR1C1,1645,16.51156094,Yes,Up-Regulated
ENSG00000187479,640.7833905,1.560938667,0.263213109,1.33E-10,1.57E-08,828.218256,453.3485251,C11orf96,387763,7.802753189,Yes,Up-Regulated
ENSG00000187498,1194.843357,1.093766587,0.20581518,7.45E-09,6.86E-07,1418.293073,971.393642,COL4A1,1282,6.163442739,Yes,Up-Regulated
ENSG00000187608,1894.951918,2.220617611,0.794900722,9.63E-05,0.00288614,2150.182368,1639.721468,ISG15,9636,2.539682679,Yes,Up-Regulated
ENSG00000188313,436.8026611,1.107649581,0.250421564,7.14E-07,3.95E-05,515.4449338,358.1603884,PLSCR1,5359,4.40339716,Yes,Up-Regulated
ENSG00000188573,60.47572047,-1.418318094,0.729983463,0.001538982,0.024482909,94.27328604,26.67815491,FBLL1,345630,1.611136979,Yes,Down-Regulated
ENSG00000188620,73.97005769,-1.517286415,0.595247338,0.00036237,0.00831498,70.30399706,77.63611832,HMX3,340784,2.080138777,Yes,Down-Regulated
ENSG00000188643,887.1888778,1.106428955,0.215501487,2.03E-08,1.63E-06,1024.921622,749.4561336,S100A16,140576,5.788001719,Yes,Up-Regulated
ENSG00000189001,288.3961601,2.126332928,0.336349887,9.18E-12,1.32E-09,224.556102,352.2362182,SBSN,374897,8.880128941,Yes,Up-Regulated
ENSG00000189320,68.17548713,1.748928189,0.67618487,0.000299935,0.007207893,81.49295169,54.85802257,FAM180A,389558,2.142191678,Yes,Up-Regulated
ENSG00000196352,2675.076862,-1.029826674,0.199878059,1.77E-08,1.44E-06,3168.491773,2181.661951,CD55,1604,5.840740289,Yes,Down-Regulated
ENSG00000196611,1790.913928,2.367503832,0.246486245,2.49E-23,1.81E-20,2522.497181,1059.330675,MMP1,4312,19.74218,Yes,Up-Regulated
ENSG00000196878,56.72998884,1.791322958,0.731921084,0.000447408,0.009656045,73.74510245,39.71487522,LAMB3,3914,2.015200717,Yes,Up-Regulated
ENSG00000197256,306.9940805,1.024283437,0.295676262,3.58E-05,0.001196888,295.4644331,318.523728,KANK2,25959,2.921946586,Yes,Up-Regulated
ENSG00000197632,285.1432297,2.382179606,0.351553146,5.18E-13,9.26E-11,255.581959,314.7045005,SERPINB2,5055,10.03317926,Yes,Up-Regulated
ENSG00000197635,374.7686715,1.466235178,0.274376341,5.12E-09,4.75E-07,445.8871219,303.650221,DPP4,1803,6.323459178,Yes,Up-Regulated
ENSG00000197646,45.10850122,1.511576739,0.736034011,0.001422146,0.023039892,58.26874782,31.94825462,PDCD1LG2,80380,1.637519564,Yes,Up-Regulated
ENSG00000198768,130.9407159,1.045549049,0.461828312,0.001186722,0.020068604,142.520576,119.3608558,APCDD1L,164284,1.69748284,Yes,Up-Regulated
ENSG00000198780,182.4464103,-1.003930296,0.38379196,0.000492845,0.010294705,203.0557703,161.8370502,FAM169A,26049,1.987386113,Yes,Down-Regulated
ENSG00000198825,1288.127497,-1.035366554,0.216283942,1.16E-07,8.11E-06,1358.924841,1217.330154,INPP5F,22876,5.091004573,Yes,Down-Regulated
ENSG00000198948,393.1037542,-1.069661816,0.302849045,2.40E-05,0.000845055,479.1410157,307.0664926,MFAP3L,9848,3.073115202,Yes,Down-Regulated
ENSG00000204262,465.3626129,1.395248836,0.276248011,2.40E-08,1.90E-06,500.2526707,430.4725552,COL5A2,1290,5.721267523,Yes,Up-Regulated
ENSG00000204272,162.2044903,1.001269548,0.402451497,0.000721645,0.013726829,164.0072946,160.4016859,NBDY,550643,1.862429784,Yes,Up-Regulated
ENSG00000204569,410.9792938,4.915170751,1.284709453,3.28E-06,0.000149457,650.590791,171.3677965,PPP1R10,5514,3.825484151,Yes,Up-Regulated
ENSG00000205413,218.3673892,1.585685568,0.334789559,1.30E-07,8.93E-06,289.0511949,147.6835835,SAMD9,54809,5.049287837,Yes,Up-Regulated
ENSG00000213654,26.04634474,2.969340968,1.037160156,0.000197811,0.005229071,31.28071766,20.81197181,GPSM3,63940,2.2815755,Yes,Up-Regulated
ENSG00000213689,145.4024478,1.730850851,0.44274839,3.68E-06,0.000164285,176.9888601,113.8160355,TREX1,11277,3.784401197,Yes,Up-Regulated
ENSG00000213859,58.6022479,1.84650588,0.718696839,0.000304528,0.007271571,46.08296645,71.12152936,KCTD11,147040,2.13837175,Yes,Up-Regulated
ENSG00000214265,58.77494241,-1.485901008,0.635031257,0.000745029,0.014046933,76.55910456,40.99078025,NA,NA,1.852418489,Yes,Down-Regulated
ENSG00000214954,159.8049261,-2.739270424,0.457903763,3.64E-11,4.58E-09,95.75774622,223.8521059,LRRC69,100130742,8.338712274,Yes,Down-Regulated
ENSG00000216490,552.5525313,1.237713071,0.227316211,3.52E-09,3.42E-07,671.4301941,433.6748686,IFI30,10437,6.466187768,Yes,Up-Regulated
ENSG00000221869,487.796228,1.513353024,0.24062763,1.96E-11,2.58E-09,445.6827297,529.9097263,CEBPD,1052,8.588357677,Yes,Up-Regulated
ENSG00000221963,446.0745988,1.353370092,0.279392244,7.09E-08,5.09E-06,599.7201014,292.4290962,APOL6,80830,5.293283346,Yes,Up-Regulated
ENSG00000233276,338.8458072,1.202528309,0.329823727,1.41E-05,0.000523994,465.0730062,212.6186081,GPX1,2876,3.280673933,Yes,Up-Regulated
ENSG00000233608,591.1904908,2.094309115,0.234335207,2.03E-20,9.27E-18,642.7085616,539.6724199,TWIST2,117581,17.03313634,Yes,Up-Regulated
ENSG00000239713,66.27540439,1.524533332,0.591770099,0.000413937,0.009190734,79.35181091,53.19899787,APOBEC3G,60489,2.036649801,Yes,Up-Regulated
ENSG00000240184,655.0787436,1.794751225,0.27040393,1.36E-12,2.27E-10,705.5641474,604.5933397,PCDHGC3,5098,9.644905387,Yes,Up-Regulated
ENSG00000242221,71.00277156,-2.994325771,0.743551789,4.36E-07,2.59E-05,35.69028869,106.3152544,PSG2,5670,4.586946271,Yes,Down-Regulated
ENSG00000249992,585.2530123,1.976380648,0.237258058,4.12E-18,1.45E-15,786.1239556,384.3820689,TMEM158,25907,14.83758362,Yes,Up-Regulated
ENSG00000253159,117.6740133,1.324229736,0.452266468,0.000170858,0.004625543,112.6602532,122.6877734,PCDHGA12,26025,2.334837234,Yes,Up-Regulated
ENSG00000257093,169.4825193,4.375290075,0.498101764,2.12E-19,7.92E-17,193.2230926,145.7419461,DENND11,57189,16.10143263,Yes,Up-Regulated
ENSG00000261832,214.1347731,-1.060309832,0.336811517,0.000102487,0.003012424,275.5478723,152.721674,CLN3,1201,2.521083891,Yes,Down-Regulated
ENSG00000263528,111.3330325,2.517791524,0.495212705,1.33E-08,1.17E-06,141.3183623,81.3477027,IKBKE,9641,5.932378941,Yes,Up-Regulated
ENSG00000270885,153.047947,1.003802405,0.422167433,0.000958289,0.017169929,70.85369472,235.2421994,RASL10B,91608,1.765231499,Yes,Up-Regulated
ENSG00000271503,323.7786175,2.091041344,0.331409453,1.09E-11,1.53E-09,504.2811193,143.2761157,CCL5,6352,8.815187926,Yes,Up-Regulated
ENSG00000273983,69.26348698,1.015326496,0.613799663,0.00406999,0.049210605,72.95286856,65.57410539,H3C8,8355,1.307941294,Yes,Up-Regulated